option,url,,
X86_NEED_RELOCS,https://cateee.net/lkddb/web-lkddb/X86_NEED_RELOCS.html,,""
BLK_MQ_PCI,https://cateee.net/lkddb/web-lkddb/BLK_MQ_PCI.html,,""
MDIO,https://cateee.net/lkddb/web-lkddb/MDIO.html,,""
MMU_NOTIFIER,https://cateee.net/lkddb/web-lkddb/MMU_NOTIFIER.html,,""
INTEL_GTT,https://cateee.net/lkddb/web-lkddb/INTEL_GTT.html,,""
FB_DDC,https://cateee.net/lkddb/web-lkddb/FB_DDC.html,,""
GRO_CELLS,https://cateee.net/lkddb/web-lkddb/GRO_CELLS.html,,""
CONSTRUCTORS,https://cateee.net/lkddb/web-lkddb/CONSTRUCTORS.html,,""
MISDN_IPAC,https://cateee.net/lkddb/web-lkddb/MISDN_IPAC.html,,""
KALLSYMS_ABSOLUTE_PERCPU,https://cateee.net/lkddb/web-lkddb/KALLSYMS_ABSOLUTE_PERCPU.html,,""
BLK_MQ_VIRTIO,https://cateee.net/lkddb/web-lkddb/BLK_MQ_VIRTIO.html,,""
FS_IOMAP,https://cateee.net/lkddb/web-lkddb/FS_IOMAP.html,,""
MRP,https://cateee.net/lkddb/web-lkddb/MRP.html,,""
DRM_VM,https://cateee.net/lkddb/web-lkddb/DRM_VM.html,,""
WEXT_SPY,https://cateee.net/lkddb/web-lkddb/WEXT_SPY.html,,""
NET_UDP_TUNNEL,https://cateee.net/lkddb/web-lkddb/NET_UDP_TUNNEL.html,,""
XPS,https://cateee.net/lkddb/web-lkddb/XPS.html,,""
NVME_CORE,https://cateee.net/lkddb/web-lkddb/NVME_CORE.html,,""
XFRM,https://cateee.net/lkddb/web-lkddb/XFRM.html,,""
SBITMAP,https://cateee.net/lkddb/web-lkddb/SBITMAP.html,,""
STP,https://cateee.net/lkddb/web-lkddb/STP.html,,""
BLK_SCSI_REQUEST,https://cateee.net/lkddb/web-lkddb/BLK_SCSI_REQUEST.html,,""
